[{"model": "admin.logentry", "pk": 1, "fields": {"action_time": "2022-10-05T11:59:48.648Z", "user": 1, "content_type": 7, "object_id": "1", "object_repr": "mxmonster.example.com", "action_flag": 2, "change_message": "[{\"changed\": {\"fields\": [\"Domain name\", \"Display name\"]}}]"}}, {"model": "admin.logentry", "pk": 2, "fields": {"action_time": "2022-10-05T12:14:27.641Z", "user": 1, "content_type": 8, "object_id": "1", "object_repr": "krzysztof@mx-monster.com", "action_flag": 2, "change_message": "[{\"changed\": {\"fields\": [\"Verified\", \"Primary\"]}}]"}}, {"model": "admin.logentry", "pk": 3, "fields": {"action_time": "2022-10-08T19:16:30.989Z", "user": 1, "content_type": 13, "object_id": "1", "object_repr": "Gloves", "action_flag": 1, "change_message": "[{\"added\": {}}]"}}, {"model": "admin.logentry", "pk": 4, "fields": {"action_time": "2022-10-08T19:24:00.360Z", "user": 1, "content_type": 14, "object_id": "1", "object_repr": "Glove", "action_flag": 1, "change_message": "[{\"added\": {}}]"}}, {"model": "admin.logentry", "pk": 5, "fields": {"action_time": "2022-10-08T19:39:02.079Z", "user": 1, "content_type": 14, "object_id": "2", "object_repr": "Sirocco", "action_flag": 1, "change_message": "[{\"added\": {}}]"}}, {"model": "admin.logentry", "pk": 6, "fields": {"action_time": "2022-10-08T19:48:21.871Z", "user": 1, "content_type": 14, "object_id": "2", "object_repr": "Sirocco", "action_flag": 2, "change_message": "[{\"changed\": {\"fields\": [\"Image\"]}}]"}}, {"model": "admin.logentry", "pk": 7, "fields": {"action_time": "2022-10-08T19:58:04.018Z", "user": 1, "content_type": 14, "object_id": "3", "object_repr": "Schuberth", "action_flag": 1, "change_message": "[{\"added\": {}}]"}}, {"model": "admin.logentry", "pk": 8, "fields": {"action_time": "2022-10-08T19:58:54.878Z", "user": 1, "content_type": 14, "object_id": "4", "object_repr": "Itaka", "action_flag": 1, "change_message": "[{\"added\": {}}]"}}, {"model": "admin.logentry", "pk": 9, "fields": {"action_time": "2022-10-10T18:17:33.746Z", "user": 1, "content_type": 13, "object_id": "1", "object_repr": "gloves", "action_flag": 2, "change_message": "[{\"changed\": {\"fields\": [\"Name\", \"Friendly name\"]}}]"}}, {"model": "admin.logentry", "pk": 10, "fields": {"action_time": "2022-10-16T18:14:35.126Z", "user": 1, "content_type": 14, "object_id": "2", "object_repr": "Sirocco", "action_flag": 2, "change_message": "[{\"changed\": {\"fields\": [\"Has sizes\"]}}]"}}, {"model": "admin.logentry", "pk": 11, "fields": {"action_time": "2022-10-16T18:14:44.946Z", "user": 1, "content_type": 14, "object_id": "3", "object_repr": "Schuberth", "action_flag": 2, "change_message": "[{\"changed\": {\"fields\": [\"Has sizes\"]}}]"}}, {"model": "admin.logentry", "pk": 12, "fields": {"action_time": "2022-10-16T18:14:50.854Z", "user": 1, "content_type": 14, "object_id": "4", "object_repr": "Itaka", "action_flag": 2, "change_message": "[{\"changed\": {\"fields\": [\"Has sizes\"]}}]"}}, {"model": "admin.logentry", "pk": 13, "fields": {"action_time": "2022-10-16T18:14:57.696Z", "user": 1, "content_type": 14, "object_id": "1", "object_repr": "Glove", "action_flag": 2, "change_message": "[{\"changed\": {\"fields\": [\"Has sizes\"]}}]"}}, {"model": "admin.logentry", "pk": 14, "fields": {"action_time": "2022-10-16T18:19:23.696Z", "user": 1, "content_type": 14, "object_id": "3", "object_repr": "Schuberth", "action_flag": 2, "change_message": "[{\"changed\": {\"fields\": [\"Has sizes\"]}}]"}}, {"model": "admin.logentry", "pk": 15, "fields": {"action_time": "2022-10-16T18:21:40.579Z", "user": 1, "content_type": 14, "object_id": "3", "object_repr": "Schuberth", "action_flag": 2, "change_message": "[{\"changed\": {\"fields\": [\"Has sizes\"]}}]"}}, {"model": "admin.logentry", "pk": 16, "fields": {"action_time": "2022-10-22T14:34:20.192Z", "user": 1, "content_type": 15, "object_id": "1", "object_repr": "1E292CDA58714058A46760330B5D0FC0", "action_flag": 3, "change_message": ""}}, {"model": "admin.logentry", "pk": 17, "fields": {"action_time": "2022-10-22T14:38:49.422Z", "user": 1, "content_type": 15, "object_id": "2", "object_repr": "27B3C1F90BA54AFA96AD63D3B835CB9C", "action_flag": 2, "change_message": "[{\"changed\": {\"name\": \"order line item\", \"object\": \"SKU 142541 on order 27B3C1F90BA54AFA96AD63D3B835CB9C\", \"fields\": [\"Quantity\"]}}]"}}, {"model": "admin.logentry", "pk": 18, "fields": {"action_time": "2022-10-22T14:39:01.168Z", "user": 1, "content_type": 15, "object_id": "2", "object_repr": "27B3C1F90BA54AFA96AD63D3B835CB9C", "action_flag": 2, "change_message": "[{\"changed\": {\"name\": \"order line item\", \"object\": \"SKU 141414 on order 27B3C1F90BA54AFA96AD63D3B835CB9C\", \"fields\": [\"Product\"]}}]"}}, {"model": "admin.logentry", "pk": 19, "fields": {"action_time": "2022-10-22T14:39:20.795Z", "user": 1, "content_type": 15, "object_id": "2", "object_repr": "27B3C1F90BA54AFA96AD63D3B835CB9C", "action_flag": 2, "change_message": "[{\"deleted\": {\"name\": \"order line item\", \"object\": \"SKU 141414 on order 27B3C1F90BA54AFA96AD63D3B835CB9C\"}}]"}}, {"model": "admin.logentry", "pk": 20, "fields": {"action_time": "2022-10-22T14:39:34.027Z", "user": 1, "content_type": 15, "object_id": "2", "object_repr": "27B3C1F90BA54AFA96AD63D3B835CB9C", "action_flag": 3, "change_message": ""}}, {"model": "admin.logentry", "pk": 21, "fields": {"action_time": "2022-10-22T18:00:22.457Z", "user": 1, "content_type": 15, "object_id": "13", "object_repr": "8895C5281C024A5E9774FB9E3C147A6B", "action_flag": 3, "change_message": ""}}, {"model": "admin.logentry", "pk": 22, "fields": {"action_time": "2022-10-22T18:00:22.459Z", "user": 1, "content_type": 15, "object_id": "12", "object_repr": "EBE21DF446FA4E78B3F04C8D01FBC889", "action_flag": 3, "change_message": ""}}, {"model": "admin.logentry", "pk": 23, "fields": {"action_time": "2022-10-22T18:00:22.461Z", "user": 1, "content_type": 15, "object_id": "11", "object_repr": "A7A72872EA6C4CAAA63B6F2FBDC9585E", "action_flag": 3, "change_message": ""}}, {"model": "admin.logentry", "pk": 24, "fields": {"action_time": "2022-10-22T18:00:22.463Z", "user": 1, "content_type": 15, "object_id": "10", "object_repr": "193772976EDE45118D11DFBEE6CEAC8A", "action_flag": 3, "change_message": ""}}, {"model": "admin.logentry", "pk": 25, "fields": {"action_time": "2022-10-22T18:00:22.464Z", "user": 1, "content_type": 15, "object_id": "9", "object_repr": "012AC87D1A5B47BCB34FE9D1FAA7C64D", "action_flag": 3, "change_message": ""}}, {"model": "admin.logentry", "pk": 26, "fields": {"action_time": "2022-10-22T18:00:22.466Z", "user": 1, "content_type": 15, "object_id": "8", "object_repr": "D52195E14A314974B7C1AB1D5B228EFD", "action_flag": 3, "change_message": ""}}, {"model": "admin.logentry", "pk": 27, "fields": {"action_time": "2022-10-22T18:00:22.467Z", "user": 1, "content_type": 15, "object_id": "7", "object_repr": "B9E58DD95BBB4FBC96EE4CB174D07FCE", "action_flag": 3, "change_message": ""}}, {"model": "admin.logentry", "pk": 28, "fields": {"action_time": "2022-10-22T18:00:22.468Z", "user": 1, "content_type": 15, "object_id": "6", "object_repr": "51A941C70E054BF2AA9CB7C2A38BE522", "action_flag": 3, "change_message": ""}}, {"model": "admin.logentry", "pk": 29, "fields": {"action_time": "2022-10-22T18:00:22.469Z", "user": 1, "content_type": 15, "object_id": "5", "object_repr": "1BA32B3A159D472E9FC900EB486F9083", "action_flag": 3, "change_message": ""}}, {"model": "admin.logentry", "pk": 30, "fields": {"action_time": "2022-10-22T18:00:22.471Z", "user": 1, "content_type": 15, "object_id": "4", "object_repr": "C5D1DA1299504E90B4719352A7C91EEC", "action_flag": 3, "change_message": ""}}, {"model": "admin.logentry", "pk": 31, "fields": {"action_time": "2022-10-22T18:00:22.472Z", "user": 1, "content_type": 15, "object_id": "3", "object_repr": "4115E6CB82014279AD1091EBB9EC91D9", "action_flag": 3, "change_message": ""}}, {"model": "admin.logentry", "pk": 32, "fields": {"action_time": "2022-10-25T19:24:10.932Z", "user": 1, "content_type": 4, "object_id": "3", "object_repr": "a", "action_flag": 3, "change_message": ""}}, {"model": "admin.logentry", "pk": 33, "fields": {"action_time": "2022-10-29T13:07:52.879Z", "user": 1, "content_type": 14, "object_id": "3", "object_repr": "Schuberth", "action_flag": 2, "change_message": "[{\"changed\": {\"fields\": [\"Is available\"]}}]"}}, {"model": "admin.logentry", "pk": 34, "fields": {"action_time": "2022-10-29T13:07:52.884Z", "user": 1, "content_type": 14, "object_id": "4", "object_repr": "Itaka", "action_flag": 2, "change_message": "[{\"changed\": {\"fields\": [\"Is available\"]}}]"}}, {"model": "admin.logentry", "pk": 35, "fields": {"action_time": "2022-10-29T13:07:52.888Z", "user": 1, "content_type": 14, "object_id": "1", "object_repr": "Glove", "action_flag": 2, "change_message": "[{\"changed\": {\"fields\": [\"Is available\"]}}]"}}, {"model": "admin.logentry", "pk": 36, "fields": {"action_time": "2022-10-29T13:30:40.899Z", "user": 1, "content_type": 14, "object_id": "8", "object_repr": "Mizo", "action_flag": 2, "change_message": "[{\"changed\": {\"fields\": [\"Is available\"]}}]"}}, {"model": "admin.logentry", "pk": 37, "fields": {"action_time": "2022-10-29T13:30:40.905Z", "user": 1, "content_type": 14, "object_id": "9", "object_repr": "Xena", "action_flag": 2, "change_message": "[{\"changed\": {\"fields\": [\"Is available\"]}}]"}}, {"model": "admin.logentry", "pk": 38, "fields": {"action_time": "2022-10-29T13:32:48.719Z", "user": 1, "content_type": 14, "object_id": "3", "object_repr": "Schuberth", "action_flag": 2, "change_message": "[{\"changed\": {\"fields\": [\"Is available\"]}}]"}}, {"model": "admin.logentry", "pk": 39, "fields": {"action_time": "2022-10-29T13:32:48.723Z", "user": 1, "content_type": 14, "object_id": "4", "object_repr": "Itaka", "action_flag": 2, "change_message": "[{\"changed\": {\"fields\": [\"Is available\"]}}]"}}, {"model": "admin.logentry", "pk": 40, "fields": {"action_time": "2022-10-29T13:32:48.726Z", "user": 1, "content_type": 14, "object_id": "1", "object_repr": "Glove", "action_flag": 2, "change_message": "[{\"changed\": {\"fields\": [\"Is available\"]}}]"}}, {"model": "admin.logentry", "pk": 41, "fields": {"action_time": "2022-10-29T13:32:48.730Z", "user": 1, "content_type": 14, "object_id": "8", "object_repr": "Mizo", "action_flag": 2, "change_message": "[{\"changed\": {\"fields\": [\"Is available\"]}}]"}}, {"model": "admin.logentry", "pk": 42, "fields": {"action_time": "2022-10-29T13:32:48.733Z", "user": 1, "content_type": 14, "object_id": "9", "object_repr": "Xena", "action_flag": 2, "change_message": "[{\"changed\": {\"fields\": [\"Is available\"]}}]"}}, {"model": "admin.logentry", "pk": 43, "fields": {"action_time": "2022-10-29T16:15:40.841Z", "user": 1, "content_type": 14, "object_id": "3", "object_repr": "Schuberth", "action_flag": 2, "change_message": "[{\"changed\": {\"fields\": [\"Stock\"]}}]"}}, {"model": "admin.logentry", "pk": 44, "fields": {"action_time": "2022-10-30T14:28:03.927Z", "user": 1, "content_type": 13, "object_id": "1", "object_repr": "Gloves", "action_flag": 2, "change_message": "[{\"changed\": {\"fields\": [\"Name\", \"Friendly name\"]}}]"}}, {"model": "admin.logentry", "pk": 45, "fields": {"action_time": "2022-10-30T14:28:27.638Z", "user": 1, "content_type": 13, "object_id": "2", "object_repr": "Boots", "action_flag": 1, "change_message": "[{\"added\": {}}]"}}, {"model": "admin.logentry", "pk": 46, "fields": {"action_time": "2022-10-30T14:28:48.116Z", "user": 1, "content_type": 13, "object_id": "3", "object_repr": "Clothing", "action_flag": 1, "change_message": "[{\"added\": {}}]"}}, {"model": "admin.logentry", "pk": 47, "fields": {"action_time": "2022-10-30T14:29:16.848Z", "user": 1, "content_type": 13, "object_id": "4", "object_repr": "Helmets", "action_flag": 1, "change_message": "[{\"added\": {}}]"}}, {"model": "admin.logentry", "pk": 48, "fields": {"action_time": "2022-10-30T21:14:56.267Z", "user": 1, "content_type": 13, "object_id": "5", "object_repr": "exhaust", "action_flag": 1, "change_message": "[{\"added\": {}}]"}}, {"model": "admin.logentry", "pk": 49, "fields": {"action_time": "2022-10-30T21:20:56.538Z", "user": 1, "content_type": 13, "object_id": "5", "object_repr": "exhaust", "action_flag": 2, "change_message": "[{\"changed\": {\"fields\": [\"Friendly name\"]}}]"}}, {"model": "admin.logentry", "pk": 50, "fields": {"action_time": "2022-10-30T21:21:38.661Z", "user": 1, "content_type": 13, "object_id": "4", "object_repr": "helmets", "action_flag": 2, "change_message": "[{\"changed\": {\"fields\": [\"Name\"]}}]"}}, {"model": "admin.logentry", "pk": 51, "fields": {"action_time": "2022-10-30T21:21:47.397Z", "user": 1, "content_type": 13, "object_id": "3", "object_repr": "clothing", "action_flag": 2, "change_message": "[{\"changed\": {\"fields\": [\"Name\"]}}]"}}, {"model": "admin.logentry", "pk": 52, "fields": {"action_time": "2022-10-30T21:21:58.222Z", "user": 1, "content_type": 13, "object_id": "2", "object_repr": "boots", "action_flag": 2, "change_message": "[{\"changed\": {\"fields\": [\"Name\"]}}]"}}, {"model": "admin.logentry", "pk": 53, "fields": {"action_time": "2022-10-30T21:22:05.050Z", "user": 1, "content_type": 13, "object_id": "1", "object_repr": "gloves", "action_flag": 2, "change_message": "[{\"changed\": {\"fields\": [\"Name\"]}}]"}}, {"model": "admin.logentry", "pk": 54, "fields": {"action_time": "2022-10-30T22:03:39.047Z", "user": 1, "content_type": 13, "object_id": "6", "object_repr": "suspension", "action_flag": 1, "change_message": "[{\"added\": {}}]"}}, {"model": "admin.logentry", "pk": 55, "fields": {"action_time": "2022-10-30T22:06:44.969Z", "user": 1, "content_type": 13, "object_id": "7", "object_repr": "luggage", "action_flag": 1, "change_message": "[{\"added\": {}}]"}}, {"model": "admin.logentry", "pk": 56, "fields": {"action_time": "2022-10-30T22:07:26.024Z", "user": 1, "content_type": 13, "object_id": "8", "object_repr": "vehicle_protection", "action_flag": 1, "change_message": "[{\"added\": {}}]"}}, {"model": "admin.logentry", "pk": 57, "fields": {"action_time": "2022-10-30T22:11:20.948Z", "user": 1, "content_type": 13, "object_id": "9", "object_repr": "navigation_and_gps_tracker", "action_flag": 1, "change_message": "[{\"added\": {}}]"}}, {"model": "admin.logentry", "pk": 58, "fields": {"action_time": "2022-10-30T22:11:49.979Z", "user": 1, "content_type": 13, "object_id": "10", "object_repr": "outdoor_camping", "action_flag": 1, "change_message": "[{\"added\": {}}]"}}, {"model": "admin.logentry", "pk": 59, "fields": {"action_time": "2022-10-30T22:12:23.289Z", "user": 1, "content_type": 13, "object_id": "11", "object_repr": "communication_systems", "action_flag": 1, "change_message": "[{\"added\": {}}]"}}, {"model": "admin.logentry", "pk": 60, "fields": {"action_time": "2022-10-30T22:12:51.597Z", "user": 1, "content_type": 13, "object_id": "12", "object_repr": "cameras_and_accessories", "action_flag": 1, "change_message": "[{\"added\": {}}]"}}, {"model": "admin.logentry", "pk": 61, "fields": {"action_time": "2022-10-30T22:13:30.894Z", "user": 1, "content_type": 13, "object_id": "13", "object_repr": "new_arrivals", "action_flag": 1, "change_message": "[{\"added\": {}}]"}}, {"model": "admin.logentry", "pk": 62, "fields": {"action_time": "2022-10-30T22:13:54.206Z", "user": 1, "content_type": 13, "object_id": "14", "object_repr": "deals", "action_flag": 1, "change_message": "[{\"added\": {}}]"}}, {"model": "admin.logentry", "pk": 63, "fields": {"action_time": "2022-10-30T22:14:22.682Z", "user": 1, "content_type": 13, "object_id": "15", "object_repr": "clearance", "action_flag": 1, "change_message": "[{\"added\": {}}]"}}, {"model": "auth.user", "pk": 1, "fields": {"password": "pbkdf2_sha256$260000$VRJrmEaIdrvkRvBe1hIgpZ$R0k+wLc11ceveUg+Jr6Yitx0wjz7fgEDCGeSpp+J+Bs=", "last_login": "2022-11-01T12:36:21.498Z", "is_superuser": true, "username": "Krzysztof", "first_name": "", "last_name": "", "email": "krzysztof@mx-monster.com", "is_staff": true, "is_active": true, "date_joined": "2022-10-05T11:14:58.301Z", "groups": [], "user_permissions": []}}, {"model": "auth.user", "pk": 2, "fields": {"password": "pbkdf2_sha256$260000$3zcxePkcfJLFAJVhbWt3LO$8RSm/3jfarutkW1MRKiMnDJx+OrMd/+C5XGY3tzXN6E=", "last_login": "2022-10-26T20:32:06.566Z", "is_superuser": false, "username": "Alibaba", "first_name": "", "last_name": "", "email": "test@ali.com", "is_staff": false, "is_active": true, "date_joined": "2022-10-23T12:56:20.573Z", "groups": [], "user_permissions": []}}, {"model": "sessions.session", "pk": "2cnw265cbx0xv5jjreirll7hcs0gx4s5", "fields": {"session_data": ".eJxVjMsOgjAQRf9l1qTp0JbaLt37DU0fI1RNMRQSDeHflYSFbu8596zg_DIPbqk0uZzAAkLzuwUf71R2kG6-9COLY5mnHNiusINWdhkTPc6H-xcYfB2-b66vJpIQEUWQhL4TnTJaSW1kQI5etzGJwFtlTqgx6Y5LoY3gqJJMnMwerVRrHouj1zNPb7C8geB7sCsIsLhtH7U7QTc:1onQ2I:bwKhL5tnc5g0IW4B6lTvkkVbeJsLspdCOVH9jqoKGOM", "expire_date": "2022-11-08T19:56:30.538Z"}}, {"model": "sessions.session", "pk": "4mhvlht1vde0emw9rirop0hsic8ed1kd", "fields": {"session_data": "eyJiYWciOnsiMiI6eyJpdGVtc19ieV9zaXplIjp7Im0iOjF9fX19:1okmVT:iLd5_d25GYQ3kq4eFjqEs9wZHKtOSqbujWisHk-Mz5s", "expire_date": "2022-11-01T13:19:43.023Z"}}, {"model": "sessions.session", "pk": "6oehehh5y1mdiyiyhuwmnpnz3qrf0pkw", "fields": {"session_data": ".eJxVjEEOwiAQRe_C2pABHBCX7j0DGZipVA1NSrsy3l2bdKHb_977L5VoXWpau8xpZHVWTh1-t0zlIW0DfKd2m3SZ2jKPWW-K3mnX14nledndv4NKvX5rQThBDACmyGDysWSHwecQnfNRAlkKA6N3aIuViBSI0ToLORqGwl69P80iN2w:1onO48:_ZNZIfIccjGbGn3JeCkbai2WZaBJkWw7YxZecqFa5jM", "expire_date": "2022-11-08T17:50:16.678Z"}}, {"model": "sessions.session", "pk": "7sf67zckwrgjcmimucxu1m38lktqlk9g", "fields": {"session_data": ".eJxVjMsOwiAQRf-FtSEzBTrSpXu_gfAYLWrAlDbRGP9dm3Sh23vOPS_h_DKPbmk8uZzEIFDsfrfg45XLCtLFl3OVsZZ5ykGuitxok8ea-HbY3L_A6Nv4fQOdbGSlIqqgGX2vemPJaLI6IKCnLiYVoDN2j4SJetCKrAI0SSdgu0Ybt5Zrcfy45-kpBnh_AD-OPYk:1op715:4g6EWuCtzQKT2sFKnFq9UQ3YO86fDZKyaUpH-r2wB_E", "expire_date": "2022-11-13T12:02:15.933Z"}}, {"model": "sessions.session", "pk": "94ap3cz8tps3yupkt2ttydso032rj4ft", "fields": {"session_data": "e30:1omaGI:xUzKSlMK8nKV40fNLq7lWfujibOkz0NJSQpjEEtvBeU", "expire_date": "2022-11-06T12:39:30.766Z"}}, {"model": "sessions.session", "pk": "9fv2nqgn171t4ijw136xsr7q4ztg3so1", "fields": {"session_data": ".eJxVjMsOwiAQRf-FtSEzBTrSpXu_gfAYLWrAlDbRGP9dm3Sh23vOPS_h_DKPbmk8uZzEIFDsfrfg45XLCtLFl3OVsZZ5ykGuitxok8ea-HbY3L_A6Nv4fQOdbGSlIqqgGX2vemPJaLI6IKCnLiYVoDN2j4SJetCKrAI0SSdgu0Ybt5Zrcfy45-kpBnh_AD-OPYk:1ooU8J:72hHLozDPfFZQCaY0CPvE6EjivZZ8vL_xq1u4nMxp90", "expire_date": "2022-11-11T18:31:07.691Z"}}, {"model": "sessions.session", "pk": "9huwxrsp7kp4mhwsrsispzi1iijz5u2u", "fields": {"session_data": ".eJxVjDsOgzAQRO-yNbK8rM3GlOlzBrT2OkASgcSnQtw9IFEkzRQzb94GjaxL16xznppeoQaE4reLkt55OAd9ydCOJo3DMvXRnIi51tk8Rs2f-8X-CTqZu-Nt-RlSJkpI0WWUiiof2DsOLqJF4TIpRVv6cENG5co64kAWvTq1ORzSKC3UG5RQYwF05L5_ASNWOwc:1ok8bY:QJ9uAjNBzHTLhFIpJKwVJ1uvDveT4Y15S3quNYj9loY", "expire_date": "2022-10-30T18:43:20.972Z"}}, {"model": "sessions.session", "pk": "dilhv75krm1gu2zgsdndxu06hidth3fs", "fields": {"session_data": ".eJxVjMsOwiAQRf-FtSEzBTrSpXu_gfAYLWrAlDbRGP9dm3Sh23vOPS_h_DKPbmk8uZzEIFDsfrfg45XLCtLFl3OVsZZ5ykGuitxok8ea-HbY3L_A6Nv4fQOdbGSlIqqgGX2vemPJaLI6IKCnLiYVoDN2j4SJetCKrAI0SSdgu0Ybt5Zrcfy45-kpBnh_AD-OPYk:1omhEY:zdwPVXKOpNRuFYGrsW2x5hkeLAeJdX8O7b8NlWefKHw", "expire_date": "2022-11-06T20:06:10.795Z"}}, {"model": "sessions.session", "pk": "fxb9z1l7zxk63eojjaqsupe64zprdqz8", "fields": {"session_data": "eyJiYWciOnsiNCI6eyJpdGVtc19ieV9zaXplIjp7Im0iOjF9fX19:1oorS5:giDVHOaaZChfltFEUMFARdMdyuS72vXIwy-ehOQDf84", "expire_date": "2022-11-12T19:25:05.637Z"}}, {"model": "sessions.session", "pk": "memt0fkloq4n5oepjfdxvdv4av7r6bh2", "fields": {"session_data": ".eJxVTksOgjAUvEvXpOmjhdou3XuGpp8nVAUMDxKReHchYaGzmMX8Mitzfp5aNxOOLidmGbDiVws-3rHfjXTzfTPwOPTTmAPfI_xwiV-GhI_zkf0baD21W1voq4koZQQZFIKvZV0ZXSltVAABXpcxySDKypxAQ9K1UFIbKaBKKgk0-yghUR56h69nHhdmRcGCb5hdt9Mb5Qk7cmFxlN-4Cx2z8NnwBUIySgQ:1opqp1:0CyeatmNAfJ052HNUTQvzobbvMq1xIljiF8FVZoB7Xo", "expire_date": "2022-11-15T12:56:51.118Z"}}, {"model": "sessions.session", "pk": "q1zrdz34vtacqmtdg4ky4et20rtimggu", "fields": {"session_data": ".eJxVjEEOgjAQRe_StWlKYQpl6d4zNNOZIlXTEgqJxnh3IWGh2__ef2_hcF1Gt5Ywu8iiF1qcfjePdA9pB3zDdM2Sclrm6OWuyIMWeckcHufD_QuMWMbtDcpqNAMD191Ailpi3VUWfVUDm4b1ljKmBqqM9w02qgWjCCxZrRg62KMllBJzcuE5xfklevX5AooLPtY:1onn4I:TBDL2QLdk8d9eKK9RfbkK45HEpi9RY5xWoy1SzUyF7k", "expire_date": "2022-11-09T20:32:06.628Z"}}, {"model": "sessions.session", "pk": "qhg3ylni2ja5i4q5q60qh7ol4plqnc3s", "fields": {"session_data": ".eJxVjMsOwiAQRf-FtSEzBTrSpXu_gfAYLWrAlDbRGP9dm3Sh23vOPS_h_DKPbmk8uZzEIFDsfrfg45XLCtLFl3OVsZZ5ykGuitxok8ea-HbY3L_A6Nv4fQOdbGSlIqqgGX2vemPJaLI6IKCnLiYVoDN2j4SJetCKrAI0SSdgu0Ybt5Zrcfy45-kpBnh_AD-OPYk:1on2t3:1CkrAEynv0lJ_UpD5NA7J5AleVsK0poZ23xV8JuYTs0", "expire_date": "2022-11-07T19:13:25.065Z"}}, {"model": "sessions.session", "pk": "wr4xknipy5zt6oqf2f4g5r2xg4jv3rda", "fields": {"session_data": ".eJxVjEEOwiAQRe_C2hCmA4y4dO8ZmoFBqRpISrsy3l2bdKHb_977LzXyupRx7XkeJ1EnBerwu0VOj1w3IHeut6ZTq8s8Rb0peqddX5rk53l3_w4K9_KtDV1DyogJMNoM7NG7QM5SsBEMMA1JMJrBhSMQCHljkQIacGLF5KDeH7dINkw:1oqCIm:luK_UkQKxRkCB0PvUHxFa5UTGxlMsxvpHXXvEbeeVzI", "expire_date": "2022-11-16T11:53:00.232Z"}}, {"model": "sessions.session", "pk": "zsq4kxzggywurjb5tmwv9gmoot99moc9", "fields": {"session_data": "e30:1oo9zh:aXFqh2YpNNxw8Dml1y6uCUGKRnPl16vFg4y5F6bTjVE", "expire_date": "2022-11-10T21:00:53.556Z"}}, {"model": "products.category", "pk": 1, "fields": {"name": "gloves", "friendly_name": "Gloves"}}, {"model": "products.category", "pk": 2, "fields": {"name": "boots", "friendly_name": "Boots"}}, {"model": "products.category", "pk": 3, "fields": {"name": "clothing", "friendly_name": "Clothing"}}, {"model": "products.category", "pk": 4, "fields": {"name": "helmets", "friendly_name": "Helmets"}}, {"model": "products.category", "pk": 5, "fields": {"name": "exhaust", "friendly_name": "Exhaust"}}, {"model": "products.category", "pk": 6, "fields": {"name": "suspension", "friendly_name": "Suspension"}}, {"model": "products.category", "pk": 7, "fields": {"name": "luggage", "friendly_name": "Luggage"}}, {"model": "products.category", "pk": 8, "fields": {"name": "vehicle_protection", "friendly_name": "Vehicle protection"}}, {"model": "products.category", "pk": 9, "fields": {"name": "navigation_and_gps_tracker", "friendly_name": "Navigation and GPS tracker"}}, {"model": "products.category", "pk": 10, "fields": {"name": "outdoor_camping", "friendly_name": "Outdoor camping"}}, {"model": "products.category", "pk": 11, "fields": {"name": "communication_systems", "friendly_name": "Communications systems"}}, {"model": "products.category", "pk": 12, "fields": {"name": "cameras_and_accessories", "friendly_name": "Cameras ans accessories"}}, {"model": "products.category", "pk": 13, "fields": {"name": "new_arrivals", "friendly_name": "New arrivals"}}, {"model": "products.category", "pk": 14, "fields": {"name": "deals", "friendly_name": "Deals"}}, {"model": "products.category", "pk": 15, "fields": {"name": "clearance", "friendly_name": "Clearance"}}, {"model": "products.product", "pk": 1, "fields": {"category": 1, "sku": "454545454", "name": "Bogotto Ascari waterproof Motorcycle Gloves", "description": "Bogotto Ascari waterproof Motorcycle Gloves\r\n\r\nThe waterproof Ascari glove from Bogotto is the perfect choice for riding on cool and wet days.\r\n\r\nFeatures:\r\n\r\nWaterproof\r\nwarm, padded insulation\r\nTPU hard knuckle protector\r\nPadding on the ball of the hand and the edge of the hand\r\nDouble layers of material for increased protection and durability\r\nLeather applications on the index finger and thumb for more grip\r\nReflector strips on the cuff\r\nlong cuff with 2 velcro fasteners\r\nprotection level 1\r\nprotective gloves for motorcycle riders (EN 13594:2015)", "is_available": true, "has_sizes": true, "price": "23.00", "stock": 100, "rating": "5.00", "image_url": null, "image": "glove.jpg"}}, {"model": "products.product", "pk": 10, "fields": {"category": 1, "sku": "GL87453212", "name": "Bogotto Bolt Motorcycle Gloves", "description": "The Bogotto Bolt is an urban glove that combines leather and denim and offers high protection as well as wearing comfort.\r\n\r\nFeatures:\r\n\r\nGloves made of reinforced denim and goat leather, \r\nKP knuckle protector, \r\nPaddings on the knuckles and palm, \r\nSuede on the palm for increased grip, \r\nSoft inner lining, \r\nShort cuff with velcro fastener, \r\nProtection Level 1, \r\nProtective gloves for motorcycle riders (EN 13594:2015)", "is_available": true, "has_sizes": true, "price": "39.95", "stock": 100, "rating": "4.50", "image_url": null, "image": "bogoto-gloves.jpg"}}, {"model": "products.product", "pk": 11, "fields": {"category": 1, "sku": null, "name": "Bogotto Grand Champ Motorcycle Gloves", "description": "Bogotto Grand Champ Motorcycle Gloves\r\n\r\nThe Bogotto Grand Champ glove offers a high level of comfort and safety, packaged in a sporty design!\r\n\r\nFeatures:\r\n\r\nSporty leather gloves, \r\nPre-curved, ergonomic shape, \r\nHard plastic knuckle protectors, \r\nPalm slider made of plastic, \r\nDouble layers of material in stressed areas, \r\nGrip patches on the palm, \r\nSoft inner lining, \r\nShort cuff with Velcro fastener, \r\nProtection level 1 (EN 13594:2015)", "is_available": true, "has_sizes": true, "price": "69.99", "stock": 100, "rating": "4.00", "image_url": null, "image": "BGT-01-GMG-007-234-1.jpg"}}, {"model": "products.product", "pk": 12, "fields": {"category": 1, "sku": null, "name": "Bogotto Flint Motorcycle Gloves", "description": "The Bogotto Flint is a sporty motorcycle glove that offers protection as well as high wearing comfort.\r\n\r\nFeatures:\r\n\r\nSporty goat leather gloves, \r\nKnuckle protector in carbon look, \r\nReinforcements on fingers, \r\nReinforced mesh material on the upper hand for increased air intake, \r\nSynthetic suede on the palm for improved grip, \r\nPadding on the ball of the hand, \r\nSoft inner lining, \r\nShort, elastic cuff with velcro fastener, \r\nSouchscreen compatible fingertip at pointer finger, \r\nProtection Level 1, \r\nProtective gloves for motorcycle riders (EN 13594:2015)", "is_available": true, "has_sizes": true, "price": "75.95", "stock": 100, "rating": "4.00", "image_url": null, "image": "BGT-01-GMG-009-16_1.jpg"}}, {"model": "products.product", "pk": 13, "fields": {"category": 1, "sku": null, "name": "Berik Zoldar Motorcycle Gloves", "description": "Berik Zoldar Motorcycle Gloves\r\n\r\nThe Berik Zoldar ist your sporty companion, on the road and on the race track!\r\n\r\nFeatures:\r\n\r\n0,6-0,8mm premium full-grain goat leather, \r\nHard carbon knuckle protection, \r\nTPU protection on fingers and wrist, \r\nClarino on palm for anti-abrasion and extra grip, \r\nVelcro wrist closure, \r\nPre-curved finger for comfort, \r\nEN 13594:2015", "is_available": true, "has_sizes": true, "price": "45.99", "stock": 100, "rating": "3.00", "image_url": null, "image": "berik-zoldar-black.jpg"}}, {"model": "products.product", "pk": 14, "fields": {"category": 3, "sku": "nj-173321-bk-1432-1", "name": "Berik Torino Waterproof Motorcycle Textile Jacket", "description": "Berik Torino Waterproof Motorcycle Textile Jacket\r\n\r\nThe Berik Torino Motorcycle Jacket protects you in any weather.\r\n\r\nFeatures:\r\n\r\n500D Polyester with waterproof coating (100% polyester), \r\nWaterproof and breathable membrane lining, \r\nRemovable padded liner, \r\nTense tex elastic fabric, \r\nInternal protectors at shoulder and elbow, \r\n2 front pockets air vent, \r\n2 back zip for air vent, \r\nReflex print on front, \r\nShoulder protection in strong ballistic nylon, \r\nConnection zip, \r\n2 front pockets waterproof, \r\nPrepared for back protector (not included in the delivery)", "is_available": true, "has_sizes": true, "price": "239.97", "stock": 100, "rating": "4.50", "image_url": null, "image": "nj-173321-bk-1432-1.jpg"}}, {"model": "products.product", "pk": 15, "fields": {"category": 3, "sku": null, "name": "Bogotto Black-X Motorcylce Leather Jacket", "description": "Bogotto Black-X Motorcycle Leather Jacket\r\n\r\nThe new Bogotto Black-X motorcycle leather jacket is just the right companion for your next ride! It combines style, safety and comfort.\r\n\r\nFeatures:\r\n\r\nHigh quality leather, \r\nLogo on chest, sleeves and back, \r\nTwo front pockets, \r\nRemovable inner lining, \r\nAdjustable waist with velcro fasteners, \r\nCuffs with velcro and zippers, \r\nVentilation openings on sleeves and back, \r\nMesh lining on collar, \r\nStretch-Tex inserts on the sleeves and front, \r\nSpecifications:\r\n\r\nIntegrated protectors on shoulder and elbow, level 2, \r\nPrepared for back protector (not included), \r\nProtective clothing for motorcycle use, protection class A(prEN17092-1)", "is_available": true, "has_sizes": true, "price": "375.49", "stock": 100, "rating": "5.00", "image_url": null, "image": "bgt-lmj-005-10-4.jpg"}}, {"model": "products.product", "pk": 17, "fields": {"category": 5, "sku": null, "name": "SHARK EXHAUST DSX-5 eloxed aluminium/end cap polished stainless steel black", "description": "Mixture of material and pentagonal end cap are giving a completely special look to the SHARK DSX-5. The black eloxed aluminium silencer with high-quality stainless steel end cap is unique in design, but typical SHARK in sound: throaty, powerful, aggressive. This elliptical silencer is installed with a screwable mount. With EG-BE.\r\nThe use of exhausts without dB-killer is not allowed in public traffic.\r\n\r\nThis product is suitable for the following motorcycles:\r\n\r\nR 1200 R (2017 - 2018), \r\nR 1200 RS (2017 - 2018)", "is_available": true, "has_sizes": false, "price": "589.99", "stock": 10, "rating": null, "image_url": null, "image": "dsx-5-schwarz-ml.jpg"}}, {"model": "products.product", "pk": 18, "fields": {"category": 5, "sku": null, "name": "Akrapovic Slip-On Line Titanium Rear Silencer", "description": "Akrapovic Slip-On Line Titanium Rear Silencer\r\n\r\nDesigned with a striking resemblance to the Akrapovič exhaust for the Yamaha R1 Superbike, this new version of the EC/ECE type-approved Slip-On Line (Titanium) system is constructed from high-grade lightweight titanium for the link pipe, end cap, and muffler outer sleeve, which is sandblasted for an enhanced appearance. The package also includes a forged carbon-fibre heat shield, which is Akrapovič’s first use of this technology in the motorcycle sector. Producing a deep, full, and vivid sound, the Slip-On Line (Titanium) offers ideal throttle response from its simple plug-and-play installation, which requires no remapping.\r\n\r\nThis product is suitable for the following motorcycles:\r\nMT-10 (2022), \r\nMT-10 SP (2022)", "is_available": true, "has_sizes": false, "price": "1258.00", "stock": 5, "rating": null, "image_url": null, "image": "s-y10so20-haplt.jpg"}}, {"model": "products.product", "pk": 19, "fields": {"category": 5, "sku": null, "name": "Akrapovic Slip-On Line Carbon Rear Silencer", "description": "Akrapovic Slip-On Line Carbon Rear Silencer\r\n\r\nThis updated design uses race-proven materials in the construction of the system, with a high-grade lightweight titanium link pipe, titanium inner muffler structure, and new style of end cap all matched to a carbon-fibre outer muffler sleeve, which has created an exhaust that is over 23% lighter than the standard stock version. A full and intense sound is emitted when the machine is idling, offering a deep, full tone with a distinctive Akrapovič character when on the move.\r\nThe Akrapovič Slip-On Line (Carbon) exhaust upgrade is achievable through a combination of two choices of optional headers – titanium and stainless steel – which are available with an optional noise insert for those who want to combine the system with the headers.\r\n\r\nThis product is suitable for the following motorcycles:\r\n\r\nS 1000 R (2021 - 2022)", "is_available": true, "has_sizes": false, "price": "1400.00", "stock": 7, "rating": null, "image_url": null, "image": "s-b10so16-hzc.jpg"}}, {"model": "products.product", "pk": 20, "fields": {"category": 4, "sku": null, "name": "Bogotto V128 Helmet", "description": "Bogotto V128 Solid Helmet\r\n\r\nThe Bogotto V128 comes with a sporty and aerodynamic design and offers maximum wearing comfort.\r\n\r\nFeatures:\r\n\r\nThermoplastic shell, \r\nClear, pinlock-ready visor, \r\nIntegrated sun visor, \r\nRemovable and washable lining,\r\nOptimated air ventilation system\r\n\r\nSpecifications:\r\n\r\nECE 22:05\r\nClosure: micrometric buckle, \r\nWeight (size M): 1520g (+/-50g), \r\nprepared for Pinlock\r\n\r\nContents:\r\n\r\n1x Bogotto V128 Helm", "is_available": true, "has_sizes": false, "price": "148.00", "stock": 17, "rating": null, "image_url": null, "image": "bgt-05-mh-032-11-1.jpg"}}, {"model": "products.product", "pk": 21, "fields": {"category": 4, "sku": null, "name": "Bogotto Radic Helmet", "description": "Bogotto Radic Helmet\r\n\r\nThe Bogotto Radic impresses with its practical handling and high-quality equipment. The sun visor gives you the freedom to always be perfectly equipped at any time of day. A comfortable feel gives you the comfortable helmet padding and enough ventilation openings ensure that you keep a cool head. With this helmet you are flexible and protected during your rides.\r\n\r\nFeatures:\r\n\r\n2 Shell sizes, \r\nWith sun visor, \r\nUV-resistant, \r\nAdjustment screw at the height of the visor mechanism for fine-tuning the visor seal, \r\nRemovable chin section, \r\nRemovable peak, \r\nAir vents on front and top side, \r\nAir vents on the back, \r\nRemovable and washable lining, \r\nBogotto logo on the back and front, \r\nBogotto lettering on the sides, \r\nHigh quality helmet lining, \r\nSpeaker wells for communication system", "is_available": true, "has_sizes": true, "price": "119.95", "stock": 100, "rating": "4.00", "image_url": null, "image": "bogotto-radic-solid-matt-pearl-white-8.webp"}}, {"model": "products.product", "pk": 22, "fields": {"category": 2, "sku": null, "name": "Bogotto Tour waterproof Motorcycle Boots", "description": "Bogotto Tour waterproof Motorcycle Boots\r\n\r\nWhether sunshine, rain or cold: the waterproof Bogotto Tour Boots offer both safety and long distance comfort on every motorcycle ride.\r\n\r\nFeatures:\r\n\r\nUpper material: Cow Leather, \r\nComfortable polyester liner with foam padding, \r\nWaterproof and breathable Hipora® membrane, \r\nHigh quality Rubber sole, anti-shock and anti-skid with strong grip, \r\n2 YKK zippers (boots can be opened from both sides), \r\nVelcro closure to adjust the calf size, \r\nTPU Gearshift reinforcement pad, \r\nPlastic shinbone protection, covered with leather, \r\nPlastic ankle protection on both sides, \r\nHeel reinforcement, \r\nReflective inserts, \r\nProtective footwear for motorcycle riders (EN 13634:2015)\r\n\r\nAvailable size : 45", "is_available": true, "has_sizes": false, "price": "79.99", "stock": 7, "rating": null, "image_url": null, "image": "bht-bot-001-10-1.jpg"}}, {"model": "products.product", "pk": 23, "fields": {"category": 6, "sku": null, "name": "WILBERS LDC Nivomat suspension kit RFLHRXS Road King Special FL3, 2019", "description": "Wilbers LDC Nivomat suspension kit\r\nThe Wilbers LDC shock offers excellent comfort in all conditions. It adjusts to the different loading conditions without any intervention, completely automatically - without buttons and without electronics! After the pillion passenger has taken a seat with or without luggage, the deeply slumped chassis pumps itself back up to the defined ride level after a few meters of travel by the shock absorber delivering additional oil into its cylinder through its own stroke movement. The resulting increase in pressure also leads to an adjustment of the damping.\r\n\r\nSuspension kit includes:\r\nNivomat, \r\nEcoline shock, \r\nZero friction fork springs, \r\nFork oil.", "is_available": true, "has_sizes": false, "price": "1799.00", "stock": 1, "rating": null, "image_url": null, "image": "wilbers-309-1213-1.jpg"}}, {"model": "products.product", "pk": 24, "fields": {"category": 7, "sku": null, "name": "Shad SH36 Side Cases", "description": "Shad SH36 Side Cases\r\n\r\nSH36 Carbon side cases stand out for their innovative and functional design. The cutting-edge technology and innovative design of the SH36 received the prestigious Reddot Design Award 2015, a reference among designers and manufacturers in the industry. They also won the German Design Award Special 2017. Its innovative shapes create trends and offer an elegant, sophisticated and modern design, characterized by aerodynamic lines and carefully designed aesthetic details. The SH36 side cases with carbon look perfectly match the SH58X, SH48 or SH39 top cases.\r\n\r\nFeatures:\r\n\r\nFrame structure that provides waterproofing, rigidity and lightness, \r\nAdditional locking cylinder included to lock the side cases and top case with a common key, \r\nLuggage strap to secure the load, \r\nHandle Lock System: locks the cases and locks them to the motorcycle, \r\nHandle for easy carrying, \r\nOpen and close with one hand, no key needed, \r\nThe key is only needed to lock the cases to the motorcycle, \r\nChange Colour System covers available, \r\nPatented 3P System is used for mounting (not included), \r\nIntegrated design: by eliminating the typical rectangular frame and reducing it to just one arm in the shape of a horizontal \"L\", the mount is much better integrated into the motorcycle, \r\nPosition: all the weight is supported as far as possible towards the center of gravity of the motorcycle, resulting in more safety and stability while riding, \r\nFlexible anchorage: the 3P System provides greater safety and stability while riding, thanks to a slight oscillation of the cases, which allows the air to better flow around them", "is_available": true, "has_sizes": false, "price": "589.00", "stock": 15, "rating": null, "image_url": null, "image": "shad-8430358665170-1.webp"}}, {"model": "products.product", "pk": 25, "fields": {"category": 8, "sku": null, "name": "Oxford GP 10 Chain Lock", "description": "Oxford GP 10 Chain Lock\r\n\r\nOxford products stand for quality and safety in all situations.\r\n\r\nFeatures:\r\n\r\nIntegral lock head, \r\n9.5mm hardened steel square link chain, \r\nCovered with a protective flexible nylon chain sleeve to protect paintwork from scratches, \r\nKey dust cover, \r\nSupplied with 4 keys", "is_available": true, "has_sizes": false, "price": "58.00", "stock": 20, "rating": "5.00", "image_url": null, "image": "oxford-lk107-1.jpg"}}, {"model": "products.product", "pk": 26, "fields": {"category": 9, "sku": null, "name": "Garmin zumo XT Navigation System", "description": "Garmin zumo XT Navigation System\r\n\r\nThe rugged zūmo® XT all terrain motorcycle navigator is built for adventure.\r\n\r\nIts ultrabright 5.5” display is glove friendly and rain resistant. It can withstand all kinds of weather, extreme temperatures and vibrations. Get adventurous routes with turn by turn directions for on road navigation and topographic or BirdsEye Satellite Imagery for off road guidance no subscription needed. Rider alerts help prepare you for sharp curves and railroad crossings. Easily manage and review routes, tracks and waypoints across your navigator, smartphone and computer using Garmin Explore™. Pair with a compatible inReach® satellite communicator (sold separately) for interactive SOS, two way messaging and location sharing.\r\n\r\nFeatures:\r\n\r\nUltra bright 5.5 inch HD touch display, \r\nRoad navigation maps for Europe including updates, \r\npre-installed topographic maps for terrain navigation, \r\nBirdsEye satellite images via download included, \r\nGarmin AdventurousRouting™, \r\nRound trip, route planning and TracBack function integrated, \r\nLive weather, live traffic and more via Garmin Drive App, \r\nTripAdvisor®, Foursquare®, iOverlander™ and motorcycle POIs, \r\nBluetooth® hands-free function and integrated music player, \r\nIntegrated track recorder with compass and altitude profile, \r\nGarmin ExploreApp compatible, \r\nCompatible with inReach® devices (sold separately).", "is_available": true, "has_sizes": false, "price": "799.00", "stock": 100, "rating": "4.50", "image_url": null, "image": "zumoxtr-1001-1-birdseye.jpg"}}, {"model": "products.product", "pk": 27, "fields": {"category": 10, "sku": null, "name": "Brandit Fleece Blanket", "description": "Brandit Fleece Blanket\r\n\r\nA versatile, warm and comfortable fleece blanket for colder evenings around the campfire or at home.\r\n\r\nFeatures:\r\n\r\nSoft, skin-friendly material, \r\nHigh durability, \r\nHigh thermal insulation, \r\nQuick drying, \r\nAlmost wrinkle free, \r\nRemovable carrying strap with velcro closure, \r\n\r\nSpecifications:\r\n\r\nMeasures: approx. 135 x 175 cm (spread out), \r\nDimensions: approx. 43 cm wide - 15 cm diameter (rolled up), \r\nWeight: approx. 640g.", "is_available": true, "has_sizes": false, "price": "27.99", "stock": 25, "rating": "4.00", "image_url": null, "image": "campin-7017-4.jpg"}}, {"model": "products.product", "pk": 28, "fields": {"category": 10, "sku": null, "name": "Brandit Foldable Seat", "description": "Brandit Foldable Seat\r\n\r\nAn extremely practical and comfortable seat to take with you. Perfect for your outdoor activities, picnics, fishing or camping trips.\r\n\r\nFeatures:\r\n\r\nPortable and foldable seat with backrest, \r\nIdeal for camping, festivals, hiking, beach vacation or everyday use, \r\nTwo-part mesh pocket for drink bottles and other equipment, \r\nSolid carrying handles, \r\nVelcro closure, \r\nSoft, comfortable seat and backrest, \r\nAngle adjustable backrest, \r\nDurable polyester material, \r\nEasy to clean, \r\n\r\nSpecifications:\r\n\r\nWeight: approx. 380g, \r\nDimensions: height 40 cm x width 38 cm x depth 3 cm (folded).", "is_available": true, "has_sizes": false, "price": "59.99", "stock": 100, "rating": null, "image_url": null, "image": "seat-9637-10-v2.jpg"}}, {"model": "products.product", "pk": 29, "fields": {"category": 10, "sku": null, "name": "Robens Pike Mug", "description": "Robens Pike Mug\r\n\r\nEverything you need for basic equipment.\r\n\r\nFeatures:\r\n\r\nStrong stainless steel, \r\nGreat for bushcraft use, \r\nOne mug everything – cup, bowl, pot, \r\nFoldable handle, \r\nBPA-free, \r\n\r\nSpecifications:\r\n\r\nMaterial: Stainless steel, \r\nSize: 10.2 x 9.4 cm (Dia.xH), \r\nVolume: 450 ml, \r\nWeight: 114 g.", "is_available": true, "has_sizes": false, "price": "7.99", "stock": 25, "rating": null, "image_url": null, "image": "pike-stahltasse-1-ml.jpg"}}, {"model": "products.product", "pk": 30, "fields": {"category": 11, "sku": null, "name": "Sena 5S FC-Moto Edition Bluetooth Communication System Single Pack", "description": "Sena 5S Bluetooth Communication System Single Pack\r\n\r\nBorn from the legendary Sena SMH5, the Sena 5S is the next-generation of feature-rich and value-packed intercoms from Sena. With this easy to use and accessible unit, you get High Definition in-helmet speakers, High Definition two-way intercom, and integrated LCD screen; all the features you need at an amazing value. The 5S with Bluetooth® 5 keeps you connected to your riding companion or passenger with HD Sound quality, music sharing, and audio equalizer profiles built right in. With even more features packed in, it also lets you answer phone calls hands-free, listen to FM Radio, and hear your GPS prompts. The 5S features a Helmet Clamp Kit and Boom Microphone. The Jog Dial makes for an intuitive user interface that is much easier to control while riding, which means you'll ride safer.\r\n\r\nFeatures:\r\n\r\n2-way intercom, \r\nHD speakers, \r\nHD intercom, \r\nMulti-language voice command, \r\nErgonomic shape, \r\nLCD display, \r\nFM radio, \r\nBluetooth® 5, \r\nHeadset Profile (HSP), \r\nHands-Free Profile (HFP), \r\nAdvanced Audio Distribution Profile (A2DP), \r\nAudio Video Remote Control Profile (AVRCP), \r\nNoise Cancellation via Advanced Noise Control™, \r\nSpecifications:\r\n\r\nWorking Distance: Up to 700 m (0.4 mi) in open terrain, \r\nRadio frequency specifications: 76 ~ 108MHz, \r\nCodec: Built-in SBC Codec, \r\nUSB-C connection, \r\nTalk time: 7 hours, \r\nCharging time: 1.5 hours, \r\nLithium Polymer Battery, \r\nOperating temperature: -10˚C to 55˚C (14°F ~ 131°F).", "is_available": true, "has_sizes": false, "price": "199.00", "stock": 100, "rating": null, "image_url": null, "image": "sena-16000531x.jpg"}}, {"model": "products.product", "pk": 31, "fields": {"category": 11, "sku": null, "name": "Cardo Scala Rider Freecom 2 Duo Communication System Double Pack", "description": "General features:\r\n\r\nInterchangeable hybrid and cable microphones scope of delivery. Compatible with virtually all helmet types, \r\nOutstanding audio quality (HD). Interchangeable and ultra-flat 40 mm loudspeaker (3.5 mm jack), \r\nUp to 13 hours of talk time / 1 week stand-by, \r\nWaterproof and dustproof - IP67, \r\nBluetooth 4.1\r\n\r\nIntercom:\r\n\r\nDriver-to-Passenger Intercom, \r\nCardo Gateway ™ for intercom connection with devices from third-party manufacturers, \r\nClick-to-Link® for spontaneous intercom conversations with cardo headsets, \r\nIn the surroundings (without pre-coupling), \r\nIntercompatibility with cardo products.", "is_available": true, "has_sizes": false, "price": "211.00", "stock": 100, "rating": null, "image_url": null, "image": "freecom-2-300_8P3IHb4.jpg"}}, {"model": "products.product", "pk": 32, "fields": {"category": 11, "sku": null, "name": "Schuberth SRC System C3 / C3 Basic / E1 Communication System", "description": "Fully integrated communication set for Schuberth C3, C2 and Concept helmets\r\n\r\nThe new SRC-System™ is a communication system integrated into the accoustic collar.  Following the plug & play principle, it is inserted into your helmet within minutes\r\n\r\nIts wide range of functions includes:\r\n\r\nRider-to-passenger intercom, \r\nBike-to-bike interkom (up to 300m), \r\n3-Biker conference call, \r\nMobile phone-, MP3-, GPS-connectivity, \r\nBuilt-in FM radio with RDS, \r\nCompatibility: C3 / C3 Basic / E1.", "is_available": true, "has_sizes": false, "price": "199.99", "stock": 50, "rating": "4.50", "image_url": null, "image": "schuberth-src-system.jpg"}}, {"model": "products.product", "pk": 33, "fields": {"category": 11, "sku": null, "name": "Sena 50C Sound by Harman Kardon Bluetooth", "description": "Sena 50C Sound by Harman Kardon Bluetooth Communication System And Camera Single Pack\r\n\r\nThe Sena 50C is a mesh communication system with premium sound by Harman Kardon with an included action cam.\r\n\r\nThe 50C is the latest model in Sena's 50 series and combines a communication system and action camera. The 50C is packed with features, including Sena's best-in-class mesh and Bluetooth communication technology and 4K camera capabilities, as well as an all-new SOUND BY Harman Kardon speaker & microphone. The 50C's new speakers and SOUND BY Harman Kardon microphone provide an unparalleled audio experience on your trip.\r\n\r\nFeatures:\r\n\r\nPremium speaker and microphone with SOUND BY Harman Kardon, \r\nintegrated mesh and Bluetooth intercom, \r\nintegrated 4K camera, \r\naccess to digital assistants (\"Hey Google\"/\"Hey Siri\"), \r\nvoice commands in 8 languages, \r\nUltra HD (4K 30 FPS), \r\nLens rotation up to 30, \r\nSmart Audio Mix function, \r\nMesh Intercom, \r\nMulti-channel communication, \r\nSmartphone app, \r\nAccess to digital assistants, \r\nBluetooth 5.0, \r\nFM radio.", "is_available": true, "has_sizes": false, "price": "499.00", "stock": 100, "rating": null, "image_url": null, "image": "sena-30225001.jpg"}}, {"model": "products.product", "pk": 34, "fields": {"category": 12, "sku": null, "name": "GoPro Tripod Mounts With Mini Tripod", "description": "GoPro Tripod Mounts With Mini Tripod\r\n\r\nAttach your GoPro to any standard tripod using the Tripod Mount or the Quick Release Tripod Mount. Also includes a lightweight Mini Tripod that attaches directly to your GoPro's frame or housing. All three provide a solid platform for any situation where stability is a must.\r\n\r\nFeatures:\r\n\r\nAttach your GoPro to any standard tripod, \r\nIncludes Tripod Mount plus a Quick Release Tripod Mount, \r\nMakes easy moving between shots and locations possible, \r\nAlso includes a lightweight Mini Tripod that attaches to your GoPro's frame or housing", "is_available": true, "has_sizes": false, "price": "69.95", "stock": 15, "rating": null, "image_url": null, "image": "tripod-0125_BMKHQTF.jpg"}}, {"model": "products.product", "pk": 35, "fields": {"category": 12, "sku": null, "name": "MIDLAND H9 4K Ultra HD Action Camera", "description": "MIDLAND H9 4K Ultra HD Action Camera\r\n\r\nThe MIDLAND Action Camera H9 is the first of its kind. It takes videos and sound - and even photos - with high resolution. The MIDLAND Action Camera H9 with its numerous functions is ideal for all outdoor activities - including remote control, waterproof housing, self-timer and image stabilizer. The image quality can be adjusted as needed (eg exposure). For extra long shots on tours, the battery is replaceable.\r\n\r\nFeatures:\r\n\r\nUltra HD 4K video camera (Ambarella A12 chip), \r\nResolution: 4K @ 30fps / 2.7K@30fps / 1080p @ 30 / 60fps / 720p @ 120fps, \r\n14MP photo camera (Panasonic sensor), \r\n2 \"color display, \r\nWide-angle lens 170°, \r\nImage stabilizer, \r\nWifi (camera controllable via app / WiFi range about 15m), \r\nSelf-timer, \r\nPhoto series mode, \r\nSlow motion video, \r\nWaterproof up to 30m (in underwater housing), \r\nMicro SD card up to 64GB, \r\nRemovable battery 1050mAh.", "is_available": true, "has_sizes": false, "price": "399.00", "stock": 12, "rating": null, "image_url": null, "image": "midland-0102.jpg"}}, {"model": "products.product", "pk": 36, "fields": {"category": 13, "sku": null, "name": "Origine Palio Jet Helmet", "description": "Palio, the new Origine’s Arrive, is a Jet Helmet with very high attention to details: it proposes very compact dimensions with a more efficient shock absorption system. The completely removable and washable lining is also breathable and very durable. Our Palio delivers also the double visors, the Upper Air intake and Micrometric retention system, so all these features make our product a complete helmets even for the most demanding motorcyclists.\r\n\r\nMaterial: ABS Thermoplastic resin shell, \r\nInner Lining: Removable and washable lining, \r\nMicrometric retention system, \r\nRemovable and washable Lining, \r\nUpper Air intake with optimized air-flow, \r\nMoulded Scratch-Resistant Visor for a better coverage against weathering, \r\nThe Wide Visor can also offer a larger View, \r\nUV Resistant coating, \r\nInternal Sun Visor, \r\nECE 22-05 Homologation", "is_available": true, "has_sizes": true, "price": "79.99", "stock": 13, "rating": null, "image_url": null, "image": "rsz_1origine-palio-jet-helmet-titan.jpg"}}, {"model": "products.product", "pk": 38, "fields": {"category": 13, "sku": null, "name": "Origine Palio Flow Jet Helmet", "description": "Palio, the new Origine’s Arrive, is a Jet Helmet with very high attention to details: it proposes very compact dimensions with a more efficient shock absorption system. The completely removable and washable lining is also breathable and very durable. Our Palio delivers also the double visors, the Upper Air intake and Micrometric retention system, so all these features make our product a complete helmets even for the most demanding motorcyclists.\r\n\r\nMaterial: ABS Thermoplastic resin shell, \r\nInner Lining: Removable and washable lining, \r\nMicrometric retention system, \r\nRemovable and washable Lining, \r\nUpper Air intake with optimized air-flow, \r\nMoulded Scratch-Resistant Visor for a better coverage against weathering, \r\nThe Wide Visor can also offer a larger View, \r\nUV Resistant coating, \r\nInternal Sun Visor, \r\nECE 22-05 Homologation.", "is_available": true, "has_sizes": true, "price": "109.99", "stock": 10, "rating": null, "image_url": null, "image": "rsz_1palio-flow-20-white-blue.jpg"}}, {"model": "products.product", "pk": 39, "fields": {"category": 14, "sku": null, "name": "Bogotto V271 BT Zabu Bluetooth Helmet", "description": "Bogotto V271 BT Zabu Helmet\r\n\r\nThe new Bogotto V271 BT helmet is equipped with an integrated Bluetooth communication system and comes with a cool design.\r\n\r\nFeatures:\r\n\r\nFlip-up Helmet with integrated Bluetooth intercom system, \r\nThermoplastic shell, \r\nClear, pinlock-ready visor, \r\nIntegrated sun visor, \r\nRemovable and washable lining, \r\nOptimated air ventilation system, \r\n\r\nSpecifications:\r\n\r\nECE 22:05, \r\nClosure: micrometric buckle, \r\nWeight (size M): 1560g (+/-50g), \r\nPrepared for Pinlock,.", "is_available": true, "has_sizes": true, "price": "109.00", "stock": 10, "rating": null, "image_url": null, "image": "bgt-05.webp"}}, {"model": "products.product", "pk": 40, "fields": {"category": 14, "sku": null, "name": "Bogotto V151 Visor", "description": "Bogotto V151 Pinlock Visor\r\n\r\nWhether clear, tinted or mirrored - for the Bogotto V151 there is a large selection of replacement visors!\r\n\r\nFeatures:\r\n\r\nReplacement visor for the Bogotto V151 helmet, \r\nScratch resistant, \r\nPrepared for Pinlock lenses, \r\nAvailable in different colors.", "is_available": true, "has_sizes": true, "price": "45.99", "stock": 50, "rating": null, "image_url": null, "image": "visor-smoke.jpg"}}, {"model": "products.product", "pk": 41, "fields": {"category": 14, "sku": null, "name": "Bogotto V271 BT Zabu Bluetooth Helmet", "description": "Bogotto V271 BT Zabu Helmet\r\n\r\nThe new Bogotto V271 BT helmet is equipped with an integrated Bluetooth communication system and comes with a cool design.\r\n\r\nFeatures:\r\n\r\nFlip-up Helmet with integrated Bluetooth intercom system, \r\nThermoplastic shell, \r\nClear, pinlock-ready visor, \r\nIntegrated sun visor, \r\nRemovable and washable lining, \r\nOptimated air ventilation system, \r\n\r\nSpecifications:\r\n\r\nECE 22:05, \r\nClosure: micrometric buckle, \r\nWeight (size M): 1560g (+/-50g), \r\nPrepared for Pinlock.", "is_available": true, "has_sizes": true, "price": "199.99", "stock": 5, "rating": null, "image_url": null, "image": "bgt-mh-05.webp"}}, {"model": "products.product", "pk": 42, "fields": {"category": 15, "sku": null, "name": "Bogotto Radic Onix Helmet", "description": "Bogotto Radic Onix Helmet\r\n\r\nThe Bogotto Radic impresses with its practical handling and high-quality equipment. The sun visor gives you the freedom to always be perfectly equipped at any time of day. A comfortable feel gives you the comfortable helmet padding and enough ventilation openings ensure that you keep a cool head. With this helmet you are flexible and protected during your rides.\r\n\r\nFeatures:\r\n\r\n2 Shell sizes, \r\nwith sun visor, \r\nUV-resistant, \r\nremovable chin section, \r\nremovable peak, \r\nair vents on front and top side, \r\nair vents on the back, \r\nremovable and washable lining, \r\nBogotto logo on the back and front, \r\nBogotto lettering on the sides, \r\nhigh quality helmet lining, \r\nSpeaker wells for communication system.", "is_available": true, "has_sizes": true, "price": "159.00", "stock": 7, "rating": null, "image_url": null, "image": "radic-blau-21.webp"}}, {"model": "products.product", "pk": 43, "fields": {"category": 15, "sku": null, "name": "Bogotto Radic WN-ST Helmet", "description": "Bogotto Radic WN-ST Helmet\r\n\r\nThe Bogotto Radic impresses with its practical handling and high-quality equipment. The sun visor gives you the freedom to always be perfectly equipped at any time of day. A comfortable feel gives you the comfortable helmet padding and enough ventilation openings ensure that you keep a cool head. With this helmet you are flexible and protected during your rides.\r\n\r\nFeatures:\r\n\r\n2 Shell sizes, \r\nwith sun visor, \r\nUV-resistant, \r\nRemovable chin section, \r\nRemovable peak, \r\nAir vents on front and top side, \r\nAir vents on the back, \r\nRemovable and washable lining, \r\nBogotto logo on the back and front, \r\nBogotto lettering on the sides, \r\nHigh quality helmet lining, \r\nSpeaker wells for communication system.", "is_available": true, "has_sizes": true, "price": "280.00", "stock": 10, "rating": "4.50", "image_url": null, "image": "bgt-17-mh.jpg"}}, {"model": "checkout.order", "pk": 1, "fields": {"order_number": "BAE50A4DC8944D21A26E3E201DC97057", "user_profile": null, "full_name": "Krzysztof Walczak", "email": "admin@blynk.cc", "phone_number": "121212121", "country": "US", "postcode": "11111", "town_or_city": "Clonmel", "street_address1": "4 Auburn Green", "street_address2": "Cashel Road", "county": "Tipperary", "date": "2022-10-22T19:49:33.558Z", "delivery_cost": "0.00", "order_total": "0.00", "grand_total": "0.00", "original_bag": "{\"2\": {\"items_by_size\": {\"m\": 2}}, \"3\": 1}", "stripe_pid": "pi_3LvngcFP2Wzh63aN0xrT4vwL"}}, {"model": "checkout.order", "pk": 2, "fields": {"order_number": "883B0FA3B188430FAE472035CDDA4C8C", "user_profile": 2, "full_name": "Alibaba Khan", "email": "test@ali.com", "phone_number": "12121212", "country": "BS", "postcode": "121212", "town_or_city": "Cashel", "street_address1": "Zazula Street", "street_address2": "123", "county": "Makumba", "date": "2022-10-23T16:04:22.643Z", "delivery_cost": "0.00", "order_total": "0.00", "grand_total": "0.00", "original_bag": "{\"2\": {\"items_by_size\": {\"m\": 1}}}", "stripe_pid": "pi_3Lw6eJFP2Wzh63aN0zWn8psh"}}, {"model": "checkout.order", "pk": 3, "fields": {"order_number": "AC611266228E48208726A897A30D6EB6", "user_profile": 2, "full_name": "Alibaba Khan", "email": "test@ali.com", "phone_number": "12121212", "country": "BS", "postcode": "121212", "town_or_city": "Cashel", "street_address1": "Zazula Street", "street_address2": "333", "county": "Makumba", "date": "2022-10-23T16:07:25.221Z", "delivery_cost": "0.00", "order_total": "0.00", "grand_total": "0.00", "original_bag": "{\"3\": 1}", "stripe_pid": "pi_3Lw6hSFP2Wzh63aN0fAOtFc6"}}, {"model": "checkout.order", "pk": 4, "fields": {"order_number": "5DB4DAD829244A00A5B2728997547E2A", "user_profile": 2, "full_name": "Test User", "email": "test@ali.com", "phone_number": "12121212", "country": "BS", "postcode": "121212", "town_or_city": "Cashel", "street_address1": "Zazula Street", "street_address2": "333", "county": "Makumba", "date": "2022-10-23T16:46:41.939Z", "delivery_cost": "0.00", "order_total": "0.00", "grand_total": "0.00", "original_bag": "{\"2\": {\"items_by_size\": {\"m\": 1}}}", "stripe_pid": "pi_3Lw7JWFP2Wzh63aN03TJlypu"}}, {"model": "checkout.order", "pk": 5, "fields": {"order_number": "3963CB4C0550499EBEC04843F23E439C", "user_profile": 2, "full_name": "Testing email confirmation", "email": "test@ali.com", "phone_number": "12121212", "country": "BS", "postcode": "121212", "town_or_city": "Cashel", "street_address1": "Zazula Street", "street_address2": "333", "county": "Makumba", "date": "2022-10-23T17:16:38.516Z", "delivery_cost": "0.00", "order_total": "0.00", "grand_total": "0.00", "original_bag": "{\"4\": {\"items_by_size\": {\"m\": 1}}}", "stripe_pid": "pi_3Lw7mMFP2Wzh63aN0ODxcwVd"}}, {"model": "checkout.order", "pk": 6, "fields": {"order_number": "B86D1DE44B314ECCAC3D5AA3EE5D8472", "user_profile": 2, "full_name": "Test User", "email": "christopher.walczak@gmail.com", "phone_number": "12121212", "country": "BS", "postcode": "121212", "town_or_city": "Cashel", "street_address1": "Zazula Street", "street_address2": "333", "county": "Makumba", "date": "2022-10-23T17:20:25.433Z", "delivery_cost": "0.00", "order_total": "0.00", "grand_total": "0.00", "original_bag": "{\"2\": {\"items_by_size\": {\"m\": 1}}}", "stripe_pid": "pi_3Lw7pwFP2Wzh63aN15LhObz6"}}, {"model": "checkout.order", "pk": 7, "fields": {"order_number": "A5E344C90DB24381A3AB83822F1E2059", "user_profile": 2, "full_name": "sdfsdfsd", "email": "test@ali.com", "phone_number": "12121212", "country": "BS", "postcode": "121212", "town_or_city": "Cashel", "street_address1": "Zazula Street", "street_address2": "333", "county": "Makumba", "date": "2022-10-23T17:29:32.952Z", "delivery_cost": "0.00", "order_total": "0.00", "grand_total": "0.00", "original_bag": "{\"2\": {\"items_by_size\": {\"m\": 1}}}", "stripe_pid": "pi_3Lw7z0FP2Wzh63aN0x67llcs"}}, {"model": "checkout.order", "pk": 8, "fields": {"order_number": "3DED483EC59C4C259B151A473A5C2DCE", "user_profile": 2, "full_name": "errr", "email": "test@ali.com", "phone_number": "12121212", "country": "BS", "postcode": "121212", "town_or_city": "Cashel", "street_address1": "Zazula Street", "street_address2": "333", "county": "Makumba", "date": "2022-10-23T17:32:32.090Z", "delivery_cost": "2.30", "order_total": "23.00", "grand_total": "25.30", "original_bag": "{\"1\": {\"items_by_size\": {\"m\": 1}}}", "stripe_pid": "pi_3Lw81uFP2Wzh63aN0rS6lZuG"}}, {"model": "checkout.order", "pk": 9, "fields": {"order_number": "3E66D7C3D2554920A1B736C9BCA10BF1", "user_profile": 2, "full_name": "Test Email", "email": "christopher.walczak@gmail.com", "phone_number": "12121212", "country": "BS", "postcode": "121212", "town_or_city": "Cashel", "street_address1": "Zazula Street", "street_address2": "333", "county": "Makumba", "date": "2022-10-23T17:42:17.801Z", "delivery_cost": "0.00", "order_total": "0.00", "grand_total": "0.00", "original_bag": "{\"2\": {\"items_by_size\": {\"m\": 1}}}", "stripe_pid": "pi_3Lw8B8FP2Wzh63aN1Qmfhtwz"}}, {"model": "checkout.order", "pk": 10, "fields": {"order_number": "C9A05F05D91F4439A193AE1D442AC940", "user_profile": 2, "full_name": "Alibaba Khan", "email": "test@ali.com", "phone_number": "12121212", "country": "BS", "postcode": "121212", "town_or_city": "Cashel", "street_address1": "Zazula Street", "street_address2": "333", "county": "Makumba", "date": "2022-10-23T17:58:53.963Z", "delivery_cost": "0.00", "order_total": "0.00", "grand_total": "0.00", "original_bag": "{\"4\": {\"items_by_size\": {\"m\": 1}}}", "stripe_pid": "pi_3Lw8RNFP2Wzh63aN0fqPvNYT"}}, {"model": "checkout.orderlineitem", "pk": 23, "fields": {"order": 8, "product": 1, "product_size": "m", "quantity": 1, "lineitem_total": "23.00"}}, {"model": "profiles.userprofile", "pk": 1, "fields": {"user": 1, "default_phone_number": null, "default_street_address1": null, "default_street_address2": null, "default_town_or_city": null, "default_county": null, "default_postcode": null, "default_country": null}}, {"model": "profiles.userprofile", "pk": 2, "fields": {"user": 2, "default_phone_number": "12121212", "default_street_address1": "Zazula Street", "default_street_address2": "333", "default_town_or_city": "Cashel", "default_county": "Makumba", "default_postcode": "121212", "default_country": "BS"}}, {"model": "sites.site", "pk": 1, "fields": {"domain": "mxmonster.example.com", "name": "MX Monster"}}, {"model": "account.emailaddress", "pk": 1, "fields": {"user": 1, "email": "krzysztof@mx-monster.com", "verified": true, "primary": true}}, {"model": "account.emailaddress", "pk": 2, "fields": {"user": 2, "email": "test@ali.com", "verified": true, "primary": true}}]